DATE,SST_ANOM,TEMP,OLR,OLR ANOM,SOI
1870-01-01,-1.0,,,,
1870-02-01,-1.2,,,,
1870-03-01,-0.83,,,,
1870-04-01,-0.81,,,,
1870-05-01,-1.27,,,,
1870-06-01,-1.08,,,,
1870-07-01,-1.04,,,,
1870-08-01,-0.88,,,,
1870-09-01,-0.53,,,,
1870-10-01,-0.92,,,,
1870-11-01,-0.79,,,,
1870-12-01,-0.79,,,,
1871-01-01,-0.25,,,,
1871-02-01,-0.58,,,,
1871-03-01,-0.43,,,,
1871-04-01,-0.5,,,,
1871-05-01,-0.7,,,,
1871-06-01,-0.53,,,,
1871-07-01,-0.6,,,,
1871-08-01,-0.33,,,,
1871-09-01,-0.24,,,,
1871-10-01,-0.33,,,,
1871-11-01,-0.31,,,,
1871-12-01,-0.58,,,,
1872-01-01,-0.72,,,,
1872-02-01,-0.62,,,,
1872-03-01,-0.5,,,,
1872-04-01,-0.77,,,,
1872-05-01,-0.62,,,,
1872-06-01,-0.52,,,,
1872-07-01,-0.32,,,,
1872-08-01,-0.85,,,,
1872-09-01,-1.02,,,,
1872-10-01,-0.94,,,,
1872-11-01,-0.79,,,,
1872-12-01,-0.88,,,,
1873-01-01,-0.78,,,,
1873-02-01,-1.01,,,,
1873-03-01,-1.31,,,,
1873-04-01,-0.67,,,,
1873-05-01,-0.53,,,,
1873-06-01,-0.48,,,,
1873-07-01,-0.58,,,,
1873-08-01,-0.39,,,,
1873-09-01,-0.34,,,,
1873-10-01,-0.78,,,,
1873-11-01,-0.77,,,,
1873-12-01,-0.7,,,,
1874-01-01,-0.93,,,,
1874-02-01,-1.06,,,,
1874-03-01,-1.4,,,,
1874-04-01,-0.94,,,,
1874-05-01,-0.86,,,,
1874-06-01,-0.72,,,,
1874-07-01,-1.0,,,,
1874-08-01,-1.05,,,,
1874-09-01,-1.13,,,,
1874-10-01,-1.25,,,,
1874-11-01,-1.33,,,,
1874-12-01,-1.14,,,,
1875-01-01,-0.71,,,,
1875-02-01,-0.37,,,,
1875-03-01,-0.59,,,,
1875-04-01,-0.87,,,,
1875-05-01,-1.09,,,,
1875-06-01,-0.76,,,,
1875-07-01,-0.85,,,,
1875-08-01,-0.81,,,,
1875-09-01,-0.91,,,,
1875-10-01,-0.83,,,,
1875-11-01,-0.64,,,,
1875-12-01,-0.75,,,,
1876-01-01,-0.95,,,,
1876-02-01,-1.2,,,,
1876-03-01,-1.13,,,,
1876-04-01,-1.18,,,,
1876-05-01,-1.08,,,,
1876-06-01,-0.43,,,,
1876-07-01,-0.34,,,,
1876-08-01,-0.16,,,,
1876-09-01,-0.02,,,,
1876-10-01,0.11,,,,
1876-11-01,0.15,,,,
1876-12-01,0.23,,,,
1877-01-01,0.35,,,,
1877-02-01,0.46,,,,
1877-03-01,0.52,,,,
1877-04-01,0.5,,,,
1877-05-01,0.76,,,,
1877-06-01,0.98,,,,
1877-07-01,1.42,,,,
1877-08-01,1.54,,,,
1877-09-01,1.75,,,,
1877-10-01,1.95,,,,
1877-11-01,2.08,,,,
1877-12-01,2.49,,,,
1878-01-01,2.41,,,,
1878-02-01,2.43,,,,
1878-03-01,1.31,,,,
1878-04-01,0.92,,,,
1878-05-01,0.82,,,,
1878-06-01,0.92,,,,
1878-07-01,0.25,,,,
1878-08-01,-0.11,,,,
1878-09-01,-0.32,,,,
1878-10-01,-0.53,,,,
1878-11-01,-0.7,,,,
1878-12-01,-0.75,,,,
1879-01-01,-0.55,,,,
1879-02-01,-0.18,,,,
1879-03-01,-0.24,,,,
1879-04-01,-0.37,,,,
1879-05-01,-0.83,,,,
1879-06-01,-0.67,,,,
1879-07-01,-0.77,,,,
1879-08-01,-0.69,,,,
1879-09-01,-0.83,,,,
1879-10-01,-0.93,,,,
1879-11-01,-1.14,,,,
1879-12-01,-1.02,,,,
1880-01-01,-1.0,,,,
1880-02-01,-0.73,,,,
1880-03-01,-0.62,,,,
1880-04-01,-0.57,,,,
1880-05-01,-0.71,,,,
1880-06-01,-0.61,,,,
1880-07-01,-0.53,,,,
1880-08-01,-0.24,,,,
1880-09-01,-0.03,,,,
1880-10-01,0.17,,,,
1880-11-01,0.24,,,,
1880-12-01,0.18,,,,
1881-01-01,0.29,,,,
1881-02-01,0.23,,,,
1881-03-01,0.32,,,,
1881-04-01,0.41,,,,
1881-05-01,0.16,,,,
1881-06-01,0.23,,,,
1881-07-01,-0.26,,,,
1881-08-01,-0.17,,,,
1881-09-01,-0.33,,,,
1881-10-01,-0.43,,,,
1881-11-01,-0.59,,,,
1881-12-01,-0.37,,,,
1882-01-01,-0.45,,,,
1882-02-01,-0.55,,,,
1882-03-01,-0.53,,,,
1882-04-01,0.1,,,,
1882-05-01,0.01,,,,
1882-06-01,-0.4,,,,
1882-07-01,-0.57,,,,
1882-08-01,-0.33,,,,
1882-09-01,-0.51,,,,
1882-10-01,-0.65,,,,
1882-11-01,-0.92,,,,
1882-12-01,-0.75,,,,
1883-01-01,-0.46,,,,
1883-02-01,-0.49,,,,
1883-03-01,-0.4,,,,
1883-04-01,-0.23,,,,
1883-05-01,-0.38,,,,
1883-06-01,-0.21,,,,
1883-07-01,-0.01,,,,
1883-08-01,-0.03,,,,
1883-09-01,-0.17,,,,
1883-10-01,-0.42,,,,
1883-11-01,-0.22,,,,
1883-12-01,-0.14,,,,
1884-01-01,-0.11,,,,
1884-02-01,-0.01,,,,
1884-03-01,-0.0,,,,
1884-04-01,0.26,,,,
1884-05-01,0.4,,,,
1884-06-01,-0.13,,,,
1884-07-01,0.28,,,,
1884-08-01,0.2,,,,
1884-09-01,0.18,,,,
1884-10-01,0.29,,,,
1884-11-01,0.3,,,,
1884-12-01,0.35,,,,
1885-01-01,0.12,,,,
1885-02-01,0.27,,,,
1885-03-01,0.12,,,,
1885-04-01,-0.02,,,,
1885-05-01,0.44,,,,
1885-06-01,0.17,,,,
1885-07-01,0.08,,,,
1885-08-01,0.34,,,,
1885-09-01,0.52,,,,
1885-10-01,0.72,,,,
1885-11-01,0.81,,,,
1885-12-01,1.02,,,,
1886-01-01,0.17,,,,
1886-02-01,-0.1,,,,
1886-03-01,-0.11,,,,
1886-04-01,-0.37,,,,
1886-05-01,-0.85,,,,
1886-06-01,-0.9,,,,
1886-07-01,-0.97,,,,
1886-08-01,-1.03,,,,
1886-09-01,-1.21,,,,
1886-10-01,-1.14,,,,
1886-11-01,-1.34,,,,
1886-12-01,-1.44,,,,
1887-01-01,-0.68,,,,
1887-02-01,-1.02,,,,
1887-03-01,-1.17,,,,
1887-04-01,-1.18,,,,
1887-05-01,-1.14,,,,
1887-06-01,-0.56,,,,
1887-07-01,-0.55,,,,
1887-08-01,-0.62,,,,
1887-09-01,-0.34,,,,
1887-10-01,-0.12,,,,
1887-11-01,0.04,,,,
1887-12-01,0.15,,,,
1888-01-01,0.15,,,,
1888-02-01,0.66,,,,
1888-03-01,0.4,,,,
1888-04-01,0.3,,,,
1888-05-01,0.47,,,,
1888-06-01,0.4,,,,
1888-07-01,0.56,,,,
1888-08-01,0.93,,,,
1888-09-01,0.58,,,,
1888-10-01,1.42,,,,
1888-11-01,2.21,,,,
1888-12-01,1.67,,,,
1889-01-01,1.98,,,,
1889-02-01,1.47,,,,
1889-03-01,0.83,,,,
1889-04-01,0.46,,,,
1889-05-01,0.32,,,,
1889-06-01,0.09,,,,
1889-07-01,-0.76,,,,
1889-08-01,-0.99,,,,
1889-09-01,-0.92,,,,
1889-10-01,-1.31,,,,
1889-11-01,-1.08,,,,
1889-12-01,-1.25,,,,
1890-01-01,-2.49,,,,
1890-02-01,-2.11,,,,
1890-03-01,-1.15,,,,
1890-04-01,-1.14,,,,
1890-05-01,-1.0,,,,
1890-06-01,-0.86,,,,
1890-07-01,-0.92,,,,
1890-08-01,-1.38,,,,
1890-09-01,-1.29,,,,
1890-10-01,-1.26,,,,
1890-11-01,-1.07,,,,
1890-12-01,-0.68,,,,
1891-01-01,-0.45,,,,
1891-02-01,-0.25,,,,
1891-03-01,-0.07,,,,
1891-04-01,0.15,,,,
1891-05-01,0.13,,,,
1891-06-01,0.29,,,,
1891-07-01,0.11,,,,
1891-08-01,0.05,,,,
1891-09-01,-0.08,,,,
1891-10-01,-0.03,,,,
1891-11-01,0.06,,,,
1891-12-01,0.01,,,,
1892-01-01,-0.5,,,,
1892-02-01,-0.34,,,,
1892-03-01,-0.58,,,,
1892-04-01,-0.65,,,,
1892-05-01,-0.72,,,,
1892-06-01,-0.57,,,,
1892-07-01,-0.62,,,,
1892-08-01,-0.63,,,,
1892-09-01,-1.07,,,,
1892-10-01,-1.54,,,,
1892-11-01,-1.62,,,,
1892-12-01,-1.18,,,,
1893-01-01,-1.23,,,,
1893-02-01,-1.16,,,,
1893-03-01,-1.24,,,,
1893-04-01,-1.3,,,,
1893-05-01,-1.32,,,,
1893-06-01,-1.19,,,,
1893-07-01,-1.32,,,,
1893-08-01,-1.29,,,,
1893-09-01,-1.28,,,,
1893-10-01,-1.36,,,,
1893-11-01,-1.3,,,,
1893-12-01,-1.0,,,,
1894-01-01,-1.09,,,,
1894-02-01,-1.13,,,,
1894-03-01,-1.06,,,,
1894-04-01,-0.92,,,,
1894-05-01,-1.0,,,,
1894-06-01,-0.84,,,,
1894-07-01,-0.88,,,,
1894-08-01,-0.8,,,,
1894-09-01,-1.1,,,,
1894-10-01,-0.82,,,,
1894-11-01,-0.92,,,,
1894-12-01,-0.48,,,,
1895-01-01,-0.73,,,,
1895-02-01,-0.49,,,,
1895-03-01,-0.4,,,,
1895-04-01,-0.17,,,,
1895-05-01,-0.03,,,,
1895-06-01,-0.21,,,,
1895-07-01,-0.26,,,,
1895-08-01,0.36,,,,
1895-09-01,0.42,,,,
1895-10-01,0.32,,,,
1895-11-01,0.44,,,,
1895-12-01,0.48,,,,
1896-01-01,0.16,,,,
1896-02-01,0.09,,,,
1896-03-01,0.15,,,,
1896-04-01,-0.01,,,,
1896-05-01,-0.04,,,,
1896-06-01,-0.21,,,,
1896-07-01,0.43,,,,
1896-08-01,1.05,,,,
1896-09-01,1.04,,,,
1896-10-01,1.1,,,,
1896-11-01,1.51,,,,
1896-12-01,1.55,,,,
1897-01-01,1.49,,,,
1897-02-01,1.14,,,,
1897-03-01,0.54,,,,
1897-04-01,-0.22,,,,
1897-05-01,-0.17,,,,
1897-06-01,-0.02,,,,
1897-07-01,0.07,,,,
1897-08-01,-0.15,,,,
1897-09-01,-0.24,,,,
1897-10-01,-0.57,,,,
1897-11-01,-0.61,,,,
1897-12-01,-0.4,,,,
1898-01-01,-0.51,,,,
1898-02-01,-0.57,,,,
1898-03-01,-0.79,,,,
1898-04-01,-0.61,,,,
1898-05-01,-0.59,,,,
1898-06-01,-0.28,,,,
1898-07-01,-0.63,,,,
1898-08-01,-0.76,,,,
1898-09-01,-0.19,,,,
1898-10-01,-0.33,,,,
1898-11-01,-0.66,,,,
1898-12-01,-0.78,,,,
1899-01-01,-0.75,,,,
1899-02-01,-0.71,,,,
1899-03-01,-0.56,,,,
1899-04-01,-0.34,,,,
1899-05-01,0.04,,,,
1899-06-01,0.09,,,,
1899-07-01,-0.02,,,,
1899-08-01,0.63,,,,
1899-09-01,0.43,,,,
1899-10-01,0.92,,,,
1899-11-01,1.29,,,,
1899-12-01,1.51,,,,
1900-01-01,1.41,,,,
1900-02-01,1.29,,,,
1900-03-01,0.99,,,,
1900-04-01,0.66,,,,
1900-05-01,0.54,,,,
1900-06-01,0.76,,,,
1900-07-01,0.75,,,,
1900-08-01,0.78,,,,
1900-09-01,0.56,,,,
1900-10-01,0.42,,,,
1900-11-01,0.14,,,,
1900-12-01,0.6,,,,
1901-01-01,0.82,,,,
1901-02-01,0.29,,,,
1901-03-01,0.05,,,,
1901-04-01,-0.13,,,,
1901-05-01,-0.19,,,,
1901-06-01,-0.26,,,,
1901-07-01,-0.3,,,,
1901-08-01,-0.38,,,,
1901-09-01,-0.3,,,,
1901-10-01,-0.31,,,,
1901-11-01,-0.39,,,,
1901-12-01,-0.35,,,,
1902-01-01,-0.5,,,,
1902-02-01,-0.26,,,,
1902-03-01,-0.27,,,,
1902-04-01,0.2,,,,
1902-05-01,0.47,,,,
1902-06-01,0.77,,,,
1902-07-01,1.44,,,,
1902-08-01,1.21,,,,
1902-09-01,1.44,,,,
1902-10-01,1.4,,,,
1902-11-01,1.54,,,,
1902-12-01,1.39,,,,
1903-01-01,1.33,,,,
1903-02-01,0.93,,,,
1903-03-01,0.79,,,,
1903-04-01,0.36,,,,
1903-05-01,-0.1,,,,
1903-06-01,0.29,,,,
1903-07-01,-0.49,,,,
1903-08-01,-0.32,,,,
1903-09-01,-0.6,,,,
1903-10-01,-0.42,,,,
1903-11-01,-0.76,,,,
1903-12-01,-1.02,,,,
1904-01-01,-0.73,,,,
1904-02-01,-0.79,,,,
1904-03-01,-0.85,,,,
1904-04-01,-0.72,,,,
1904-05-01,-0.4,,,,
1904-06-01,0.14,,,,
1904-07-01,0.75,,,,
1904-08-01,0.54,,,,
1904-09-01,0.01,,,,
1904-10-01,0.91,,,,
1904-11-01,0.15,,,,
1904-12-01,0.86,,,,
1905-01-01,0.68,,,,
1905-02-01,0.72,,,,
1905-03-01,0.92,,,,
1905-04-01,0.29,,,,
1905-05-01,1.08,,,,
1905-06-01,0.59,,,,
1905-07-01,0.82,,,,
1905-08-01,1.04,,,,
1905-09-01,1.42,,,,
1905-10-01,1.12,,,,
1905-11-01,0.83,,,,
1905-12-01,1.17,,,,
1906-01-01,0.89,,,,
1906-02-01,0.67,,,,
1906-03-01,0.8,,,,
1906-04-01,0.45,,,,
1906-05-01,0.02,,,,
1906-06-01,0.15,,,,
1906-07-01,-0.49,,,,
1906-08-01,-0.37,,,,
1906-09-01,-0.81,,,,
1906-10-01,-0.87,,,,
1906-11-01,-0.33,,,,
1906-12-01,-0.51,,,,
1907-01-01,-0.57,,,,
1907-02-01,-0.41,,,,
1907-03-01,-0.43,,,,
1907-04-01,-0.56,,,,
1907-05-01,-0.47,,,,
1907-06-01,-0.41,,,,
1907-07-01,-0.55,,,,
1907-08-01,-0.65,,,,
1907-09-01,0.13,,,,
1907-10-01,-0.25,,,,
1907-11-01,-0.25,,,,
1907-12-01,-0.09,,,,
1908-01-01,-0.27,,,,
1908-02-01,0.07,,,,
1908-03-01,-0.63,,,,
1908-04-01,-0.55,,,,
1908-05-01,-0.45,,,,
1908-06-01,-0.22,,,,
1908-07-01,-0.63,,,,
1908-08-01,-0.4,,,,
1908-09-01,-0.52,,,,
1908-10-01,-0.5,,,,
1908-11-01,-0.88,,,,
1908-12-01,-1.15,,,,
1909-01-01,-0.29,,,,
1909-02-01,-0.88,,,,
1909-03-01,-0.54,,,,
1909-04-01,-0.68,,,,
1909-05-01,-0.36,,,,
1909-06-01,-1.1,,,,
1909-07-01,-1.0,,,,
1909-08-01,-0.97,,,,
1909-09-01,-0.85,,,,
1909-10-01,-1.24,,,,
1909-11-01,-1.5,,,,
1909-12-01,-1.08,,,,
1910-01-01,-0.93,,,,
1910-02-01,-0.64,,,,
1910-03-01,-0.79,,,,
1910-04-01,-1.17,,,,
1910-05-01,-1.41,,,,
1910-06-01,-1.04,,,,
1910-07-01,-0.88,,,,
1910-08-01,-0.9,,,,
1910-09-01,-1.29,,,,
1910-10-01,-0.94,,,,
1910-11-01,-0.53,,,,
1910-12-01,-0.64,,,,
1911-01-01,-0.57,,,,
1911-02-01,-0.58,,,,
1911-03-01,-0.82,,,,
1911-04-01,-1.11,,,,
1911-05-01,-1.05,,,,
1911-06-01,-0.64,,,,
1911-07-01,-0.22,,,,
1911-08-01,-0.28,,,,
1911-09-01,0.22,,,,
1911-10-01,0.2,,,,
1911-11-01,0.84,,,,
1911-12-01,0.96,,,,
1912-01-01,1.55,,,,
1912-02-01,0.83,,,,
1912-03-01,0.69,,,,
1912-04-01,0.58,,,,
1912-05-01,0.0,,,,
1912-06-01,-0.24,,,,
1912-07-01,-0.1,,,,
1912-08-01,-0.4,,,,
1912-09-01,0.09,,,,
1912-10-01,-0.13,,,,
1912-11-01,0.16,,,,
1912-12-01,-0.49,,,,
1913-01-01,-0.2,,,,
1913-02-01,0.18,,,,
1913-03-01,0.16,,,,
1913-04-01,-0.77,,,,
1913-05-01,-0.28,,,,
1913-06-01,-0.16,,,,
1913-07-01,-0.15,,,,
1913-08-01,-0.09,,,,
1913-09-01,0.05,,,,
1913-10-01,0.03,,,,
1913-11-01,0.8,,,,
1913-12-01,0.85,,,,
1914-01-01,0.7,,,,
1914-02-01,0.8,,,,
1914-03-01,0.32,,,,
1914-04-01,0.69,,,,
1914-05-01,0.01,,,,
1914-06-01,0.08,,,,
1914-07-01,0.53,,,,
1914-08-01,0.92,,,,
1914-09-01,0.68,,,,
1914-10-01,0.26,,,,
1914-11-01,0.3,,,,
1914-12-01,0.68,,,,
1915-01-01,0.88,,,,
1915-02-01,0.65,,,,
1915-03-01,0.49,,,,
1915-04-01,0.47,,,,
1915-05-01,0.52,,,,
1915-06-01,1.1,,,,
1915-07-01,0.07,,,,
1915-08-01,0.05,,,,
1915-09-01,0.17,,,,
1915-10-01,0.24,,,,
1915-11-01,-0.15,,,,
1915-12-01,-0.23,,,,
1916-01-01,-0.12,,,,
1916-02-01,-0.61,,,,
1916-03-01,-0.54,,,,
1916-04-01,-0.63,,,,
1916-05-01,-0.23,,,,
1916-06-01,-0.36,,,,
1916-07-01,-1.11,,,,
1916-08-01,-1.48,,,,
1916-09-01,-1.36,,,,
1916-10-01,-1.36,,,,
1916-11-01,-1.72,,,,
1916-12-01,-1.64,,,,
1917-01-01,-1.56,,,,
1917-02-01,-1.2,,,,
1917-03-01,-0.64,,,,
1917-04-01,-0.29,,,,
1917-05-01,-0.3,,,,
1917-06-01,-0.04,,,,
1917-07-01,-0.05,,,,
1917-08-01,0.15,,,,
1917-09-01,-0.03,,,,
1917-10-01,0.04,,,,
1917-11-01,-0.43,,,,
1917-12-01,-0.72,,,,
1918-01-01,-0.84,,,,
1918-02-01,-0.82,,,,
1918-03-01,-0.96,,,,
1918-04-01,-0.56,,,,
1918-05-01,-0.17,,,,
1918-06-01,0.37,,,,
1918-07-01,-0.07,,,,
1918-08-01,0.12,,,,
1918-09-01,0.41,,,,
1918-10-01,0.93,,,,
1918-11-01,1.23,,,,
1918-12-01,1.3,,,,
1919-01-01,1.6,,,,
1919-02-01,1.24,,,,
1919-03-01,0.9,,,,
1919-04-01,0.69,,,,
1919-05-01,0.63,,,,
1919-06-01,0.61,,,,
1919-07-01,0.4,,,,
1919-08-01,0.62,,,,
1919-09-01,0.5,,,,
1919-10-01,0.13,,,,
1919-11-01,-0.37,,,,
1919-12-01,0.34,,,,
1920-01-01,0.64,,,,
1920-02-01,0.6,,,,
1920-03-01,0.53,,,,
1920-04-01,-0.16,,,,
1920-05-01,-0.21,,,,
1920-06-01,0.29,,,,
1920-07-01,0.15,,,,
1920-08-01,0.13,,,,
1920-09-01,0.27,,,,
1920-10-01,0.48,,,,
1920-11-01,-0.08,,,,
1920-12-01,-0.01,,,,
1921-01-01,0.43,,,,
1921-02-01,-0.52,,,,
1921-03-01,-1.42,,,,
1921-04-01,-0.55,,,,
1921-05-01,-0.92,,,,
1921-06-01,-0.21,,,,
1921-07-01,-0.27,,,,
1921-08-01,-0.29,,,,
1921-09-01,-0.17,,,,
1921-10-01,0.04,,,,
1921-11-01,-1.03,,,,
1921-12-01,-0.5,,,,
1922-01-01,-0.54,,,,
1922-02-01,-0.07,,,,
1922-03-01,0.08,,,,
1922-04-01,-0.54,,,,
1922-05-01,0.22,,,,
1922-06-01,-0.44,,,,
1922-07-01,-0.44,,,,
1922-08-01,-0.78,,,,
1922-09-01,-0.38,,,,
1922-10-01,-0.26,,,,
1922-11-01,-0.31,,,,
1922-12-01,-0.53,,,,
1923-01-01,-0.41,,,,
1923-02-01,-0.76,,,,
1923-03-01,-0.85,,,,
1923-04-01,-0.55,,,,
1923-05-01,-0.25,,,,
1923-06-01,-0.15,,,,
1923-07-01,-0.2,,,,
1923-08-01,0.2,,,,
1923-09-01,0.64,,,,
1923-10-01,0.79,,,,
1923-11-01,0.87,,,,
1923-12-01,1.02,,,,
1924-01-01,0.46,,,,
1924-02-01,0.63,,,,
1924-03-01,0.39,,,,
1924-04-01,-0.02,,,,
1924-05-01,-0.85,,,,
1924-06-01,-0.67,,,,
1924-07-01,-0.98,,,,
1924-08-01,-0.78,,,,
1924-09-01,-0.86,,,,
1924-10-01,-0.46,,,,
1924-11-01,-1.09,,,,
1924-12-01,-0.66,,,,
1925-01-01,-1.03,,,,
1925-02-01,-0.47,,,,
1925-03-01,-0.53,,,,
1925-04-01,-0.52,,,,
1925-05-01,-0.4,,,,
1925-06-01,-0.18,,,,
1925-07-01,0.5,,,,
1925-08-01,0.68,,,,
1925-09-01,0.77,,,,
1925-10-01,0.85,,,,
1925-11-01,1.0,,,,
1925-12-01,1.6,,,,
1926-01-01,1.52,,,,
1926-02-01,1.29,,,,
1926-03-01,1.19,,,,
1926-04-01,1.01,,,,
1926-05-01,0.83,,,,
1926-06-01,0.61,,,,
1926-07-01,0.63,,,,
1926-08-01,0.15,,,,
1926-09-01,-0.07,,,,
1926-10-01,-0.39,,,,
1926-11-01,-0.27,,,,
1926-12-01,-0.23,,,,
1927-01-01,0.1,,,,
1927-02-01,0.23,,,,
1927-03-01,-0.18,,,,
1927-04-01,-0.27,,,,
1927-05-01,-0.59,,,,
1927-06-01,-0.15,,,,
1927-07-01,-0.31,,,,
1927-08-01,-0.09,,,,
1927-09-01,-0.16,,,,
1927-10-01,0.27,,,,
1927-11-01,-0.04,,,,
1927-12-01,0.25,,,,
1928-01-01,0.47,,,,
1928-02-01,0.21,,,,
1928-03-01,-0.24,,,,
1928-04-01,-0.22,,,,
1928-05-01,-0.04,,,,
1928-06-01,-0.26,,,,
1928-07-01,0.02,,,,
1928-08-01,-0.28,,,,
1928-09-01,-0.13,,,,
1928-10-01,-0.12,,,,
1928-11-01,-0.17,,,,
1928-12-01,-0.03,,,,
1929-01-01,-0.15,,,,
1929-02-01,-0.08,,,,
1929-03-01,-0.15,,,,
1929-04-01,-0.15,,,,
1929-05-01,-0.17,,,,
1929-06-01,0.13,,,,
1929-07-01,-0.02,,,,
1929-08-01,0.1,,,,
1929-09-01,0.3,,,,
1929-10-01,0.4,,,,
1929-11-01,0.18,,,,
1929-12-01,0.63,,,,
1930-01-01,0.35,,,,
1930-02-01,0.39,,,,
1930-03-01,0.29,,,,
1930-04-01,0.41,,,,
1930-05-01,-0.04,,,,
1930-06-01,0.27,,,,
1930-07-01,0.64,,,,
1930-08-01,0.68,,,,
1930-09-01,1.28,,,,
1930-10-01,1.14,,,,
1930-11-01,1.79,,,,
1930-12-01,1.41,,,,
1931-01-01,1.49,,,,
1931-02-01,1.33,,,,
1931-03-01,1.18,,,,
1931-04-01,0.96,,,,
1931-05-01,0.63,,,,
1931-06-01,0.48,,,,
1931-07-01,0.4,,,,
1931-08-01,0.15,,,,
1931-09-01,-0.42,,,,
1931-10-01,-0.22,,,,
1931-11-01,-0.27,,,,
1931-12-01,-0.28,,,,
1932-01-01,-0.42,,,,
1932-02-01,-0.19,,,,
1932-03-01,0.25,,,,
1932-04-01,0.25,,,,
1932-05-01,0.28,,,,
1932-06-01,0.19,,,,
1932-07-01,-0.11,,,,
1932-08-01,0.09,,,,
1932-09-01,0.02,,,,
1932-10-01,0.02,,,,
1932-11-01,-0.04,,,,
1932-12-01,-0.41,,,,
1933-01-01,-0.21,,,,
1933-02-01,-0.08,,,,
1933-03-01,-0.2,,,,
1933-04-01,0.01,,,,
1933-05-01,-0.4,,,,
1933-06-01,-0.86,,,,
1933-07-01,-0.66,,,,
1933-08-01,-0.94,,,,
1933-09-01,-0.77,,,,
1933-10-01,-1.1,,,,
1933-11-01,-1.06,,,,
1933-12-01,-1.21,,,,
1934-01-01,-0.93,,,,
1934-02-01,-0.87,,,,
1934-03-01,-0.95,,,,
1934-04-01,-0.42,,,,
1934-05-01,-0.49,,,,
1934-06-01,-0.33,,,,
1934-07-01,-0.43,,,,
1934-08-01,-0.33,,,,
1934-09-01,-0.52,,,,
1934-10-01,-0.26,,,,
1934-11-01,-0.11,,,,
1934-12-01,-0.24,,,,
1935-01-01,-0.32,,,,
1935-02-01,-0.19,,,,
1935-03-01,-0.28,,,,
1935-04-01,-0.32,,,,
1935-05-01,-0.54,,,,
1935-06-01,-0.4,,,,
1935-07-01,-0.65,,,,
1935-08-01,0.06,,,,
1935-09-01,0.08,,,,
1935-10-01,0.28,,,,
1935-11-01,0.28,,,,
1935-12-01,-0.04,,,,
1936-01-01,0.74,,,,
1936-02-01,0.49,,,,
1936-03-01,0.0,,,,
1936-04-01,0.29,,,,
1936-05-01,-0.07,,,,
1936-06-01,-0.35,,,,
1936-07-01,-0.34,,,,
1936-08-01,-0.32,,,,
1936-09-01,-0.1,,,,
1936-10-01,0.38,,,,
1936-11-01,-0.03,,,,
1936-12-01,0.63,,,,
1937-01-01,-0.3,,,,
1937-02-01,0.3,,,,
1937-03-01,0.25,,,,
1937-04-01,0.21,,,,
1937-05-01,-0.43,,,,
1937-06-01,-0.3,,,,
1937-07-01,0.09,,,,
1937-08-01,-0.2,,,,
1937-09-01,0.17,,,,
1937-10-01,-0.1,,,,
1937-11-01,0.21,,,,
1937-12-01,0.22,,,,
1938-01-01,-0.21,,,,
1938-02-01,0.23,,,,
1938-03-01,-0.06,,,,
1938-04-01,0.09,,,,
1938-05-01,-0.33,,,,
1938-06-01,-0.88,,,,
1938-07-01,-0.98,,,,
1938-08-01,-0.81,,,,
1938-09-01,-0.28,,,,
1938-10-01,-0.75,,,,
1938-11-01,-0.72,,,,
1938-12-01,-0.79,,,,
1939-01-01,-0.67,,,,
1939-02-01,-0.95,,,,
1939-03-01,-0.85,,,,
1939-04-01,-0.27,,,,
1939-05-01,-0.25,,,,
1939-06-01,0.05,,,,
1939-07-01,0.25,,,,
1939-08-01,0.06,,,,
1939-09-01,0.43,,,,
1939-10-01,-0.47,,,,
1939-11-01,0.32,,,,
1939-12-01,0.05,,,,
1940-01-01,1.18,,,,
1940-02-01,1.38,,,,
1940-03-01,1.19,,,,
1940-04-01,0.8,,,,
1940-05-01,0.34,,,,
1940-06-01,0.55,,,,
1940-07-01,0.21,,,,
1940-08-01,0.75,,,,
1940-09-01,0.05,,,,
1940-10-01,0.32,,,,
1940-11-01,0.7,,,,
1940-12-01,1.39,,,,
1941-01-01,1.38,,,,
1941-02-01,1.34,,,,
1941-03-01,1.41,,,,
1941-04-01,1.36,,,,
1941-05-01,1.32,,,,
1941-06-01,0.88,,,,
1941-07-01,0.73,,,,
1941-08-01,0.79,,,,
1941-09-01,0.68,,,,
1941-10-01,0.99,,,,
1941-11-01,1.17,,,,
1941-12-01,1.27,,,,
1942-01-01,0.61,,,,
1942-02-01,0.53,,,,
1942-03-01,0.25,,,,
1942-04-01,0.57,,,,
1942-05-01,-0.1,,,,
1942-06-01,-0.52,,,,
1942-07-01,-0.55,,,,
1942-08-01,-0.96,,,,
1942-09-01,-1.17,,,,
1942-10-01,-1.32,,,,
1942-11-01,-1.5,,,,
1942-12-01,-1.24,,,,
1943-01-01,-1.2,,,,
1943-02-01,-1.18,,,,
1943-03-01,-1.1,,,,
1943-04-01,-0.6,,,,
1943-05-01,-0.36,,,,
1943-06-01,-0.11,,,,
1943-07-01,-0.09,,,,
1943-08-01,0.05,,,,
1943-09-01,-0.24,,,,
1943-10-01,-0.44,,,,
1943-11-01,-0.5,,,,
1943-12-01,-0.42,,,,
1944-01-01,-0.42,,,,
1944-02-01,0.16,,,,
1944-03-01,-0.21,,,,
1944-04-01,0.11,,,,
1944-05-01,0.14,,,,
1944-06-01,0.04,,,,
1944-07-01,0.08,,,,
1944-08-01,0.0,,,,
1944-09-01,-0.31,,,,
1944-10-01,-0.22,,,,
1944-11-01,-0.35,,,,
1944-12-01,-0.26,,,,
1945-01-01,-0.36,,,,
1945-02-01,-0.47,,,,
1945-03-01,-0.79,,,,
1945-04-01,-0.76,,,,
1945-05-01,-0.46,,,,
1945-06-01,-0.59,,,,
1945-07-01,-0.61,,,,
1945-08-01,-0.84,,,,
1945-09-01,-0.82,,,,
1945-10-01,-0.86,,,,
1945-11-01,-0.42,,,,
1945-12-01,-0.54,,,,
1946-01-01,-0.44,,,,
1946-02-01,-0.24,,,,
1946-03-01,-0.36,,,,
1946-04-01,-0.48,,,,
1946-05-01,-0.39,,,,
1946-06-01,0.15,,,,
1946-07-01,0.03,,,,
1946-08-01,-0.52,,,,
1946-09-01,-0.19,,,,
1946-10-01,-0.01,,,,
1946-11-01,-0.18,,,,
1946-12-01,0.03,,,,
1947-01-01,0.39,,,,
1947-02-01,-0.13,,,,
1947-03-01,0.28,,,,
1947-04-01,-0.07,,,,
1947-05-01,-0.55,,,,
1947-06-01,0.07,,,,
1947-07-01,-0.39,,,,
1947-08-01,-0.37,,,,
1947-09-01,-1.05,,,,
1947-10-01,-0.82,,,,
1947-11-01,-0.73,,,,
1947-12-01,0.18,,,,
1948-01-01,0.05,,,,
1948-02-01,0.37,,,,
1948-03-01,0.63,,,,
1948-04-01,0.25,,,,
1948-05-01,0.31,,,,
1948-06-01,0.06,,,,
1948-07-01,-0.06,,,,
1948-08-01,-0.02,,,,
1948-09-01,-0.02,,,,
1948-10-01,-0.68,,,,
1948-11-01,-0.3,,,,
1948-12-01,0.38,,,,
1949-01-01,-0.46,,,,
1949-02-01,0.26,,,,
1949-03-01,-0.55,,,,
1949-04-01,0.19,,,,
1949-05-01,-0.07,,,,
1949-06-01,-0.72,,,,
1949-07-01,-0.39,,,,
1949-08-01,-0.32,,,,
1949-09-01,-0.65,,,,
1949-10-01,-0.72,,,,
1949-11-01,-1.33,,,,
1949-12-01,-1.2,,,,
1950-01-01,-1.05,24.72,,,
1950-02-01,-1.5,25.17,,,
1950-03-01,-1.07,25.75,,,
1950-04-01,-0.91,26.12,,,
1950-05-01,-1.3,26.32,,,
1950-06-01,-0.86,26.31,,,
1950-07-01,-1.08,26.21,,,
1950-08-01,-0.63,25.96,,,
1950-09-01,-1.1,25.76,,,
1950-10-01,-0.83,25.63,,,
1950-11-01,-1.38,25.48,,,
1950-12-01,-1.04,25.34,,,
1951-01-01,-1.13,25.42,,,2.5
1951-02-01,-0.74,25.96,,,1.5
1951-03-01,-0.77,26.74,,,-0.2
1951-04-01,-0.17,27.48,,,-0.5
1951-05-01,-0.1,27.75,,,-1.1
1951-06-01,-0.09,27.75,,,0.3
1951-07-01,0.66,27.44,,,-1.7
1951-08-01,0.9,27.28,,,-0.4
1951-09-01,0.67,27.14,,,-1.8
1951-10-01,0.79,27.22,,,-1.6
1951-11-01,0.78,27.12,,,-1.3
1951-12-01,0.71,26.95,,,-1.2
1952-01-01,0.39,26.78,,,-1.5
1952-02-01,0.24,26.87,,,-1.0
1952-03-01,0.04,27.25,,,0.9
1952-04-01,0.41,27.6,,,-0.4
1952-05-01,-0.38,27.59,,,1.2
1952-06-01,-0.66,27.17,,,1.2
1952-07-01,-0.59,26.67,,,0.8
1952-08-01,-0.42,26.39,,,0.1
1952-09-01,-0.35,26.3,,,-0.4
1952-10-01,-0.04,26.17,,,0.6
1952-11-01,-0.32,26.13,,,0.0
1952-12-01,-0.55,26.29,,,-2.0
1953-01-01,0.36,26.65,,,0.5
1953-02-01,0.24,27.1,,,-0.8
1953-03-01,0.22,27.53,,,-0.3
1953-04-01,0.77,27.96,,,0.3
1953-05-01,0.35,28.14,,,-2.8
1953-06-01,0.41,27.94,,,0.2
1953-07-01,0.2,27.49,,,-0.0
1953-08-01,0.04,27.12,,,-2.0
1953-09-01,0.67,26.93,,,-2.1
1953-10-01,0.11,26.91,,,0.1
1953-11-01,0.31,26.92,,,-0.5
1953-12-01,0.15,26.95,,,-0.8
1954-01-01,0.39,27.0,,,1.1
1954-02-01,0.21,26.97,,,-0.5
1954-03-01,0.01,26.86,,,0.4
1954-04-01,-0.32,26.89,,,1.1
1954-05-01,-0.53,26.85,,,0.8
1954-06-01,-0.8,26.67,,,0.2
1954-07-01,-1.02,26.1,,,0.7
1954-08-01,-1.08,25.54,,,1.8
1954-09-01,-1.03,25.25,,,0.3
1954-10-01,-0.91,25.3,,,0.4
1954-11-01,-1.17,25.35,,,0.2
1954-12-01,-0.79,25.48,,,2.3
1955-01-01,-0.66,25.57,,,-0.9
1955-02-01,-0.79,25.89,,,3.1
1955-03-01,-0.8,26.22,,,1.1
1955-04-01,-0.95,26.5,,,-0.2
1955-05-01,-1.23,26.6,,,1.7
1955-06-01,-1.2,26.45,,,2.2
1955-07-01,-1.32,26.06,,,2.6
1955-08-01,-0.91,25.64,,,2.4
1955-09-01,-1.33,25.06,,,2.2
1955-10-01,-1.59,24.65,,,2.5
1955-11-01,-1.91,24.41,,,2.0
1955-12-01,-1.52,24.72,,,1.6
1956-01-01,-1.23,25.23,,,2.2
1956-02-01,-0.98,25.86,,,2.7
1956-03-01,-0.93,26.37,,,2.2
1956-04-01,-0.78,26.82,,,1.5
1956-05-01,-0.59,26.93,,,2.3
1956-06-01,-0.83,26.72,,,1.8
1956-07-01,-0.94,26.23,,,1.8
1956-08-01,-0.81,25.87,,,2.0
1956-09-01,-0.91,25.71,,,0.1
1956-10-01,-0.69,25.67,,,2.9
1956-11-01,-1.01,25.67,,,0.2
1956-12-01,-0.58,25.77,,,1.8
1957-01-01,-0.56,26.09,,,1.0
1957-02-01,-0.24,26.68,,,-0.1
1957-03-01,0.08,27.41,,,0.3
1957-04-01,0.42,28.08,,,0.4
1957-05-01,0.45,28.37,,,-1.1
1957-06-01,0.53,28.34,,,0.3
1957-07-01,0.69,28.06,,,0.4
1957-08-01,0.79,27.75,,,-0.8
1957-09-01,0.53,27.5,,,-1.5
1957-10-01,0.74,27.48,,,0.1
1957-11-01,1.09,27.64,,,-1.6
1957-12-01,1.18,27.94,,,-0.5
1958-01-01,1.54,28.15,,,-3.1
1958-02-01,1.4,28.27,,,-0.8
1958-03-01,0.99,28.26,,,0.4
1958-04-01,0.31,28.28,,,0.6
1958-05-01,0.32,28.19,,,-0.8
1958-06-01,0.3,27.87,,,0.5
1958-07-01,0.04,27.38,,,0.7
1958-08-01,0.24,26.85,,,1.5
1958-09-01,-0.31,26.56,,,-0.5
1958-10-01,-0.03,26.53,,,0.1
1958-11-01,0.05,26.6,,,-0.7
1958-12-01,0.3,26.81,,,-1.0
1959-01-01,0.43,26.95,,,-1.5
1959-02-01,0.5,27.24,,,-2.3
1959-03-01,0.26,27.51,,,2.1
1959-04-01,0.27,27.68,,,0.7
1959-05-01,-0.01,27.65,,,0.8
1959-06-01,-0.33,27.16,,,-0.2
1959-07-01,-0.28,26.63,,,-0.4
1959-08-01,-0.41,26.15,,,-0.2
1959-09-01,-0.53,26.08,,,0.0
1959-10-01,0.11,26.07,,,0.8
1959-11-01,-0.17,26.15,,,1.5
1959-12-01,-0.05,26.16,,,1.5
1960-01-01,0.02,26.24,,,0.2
1960-02-01,-0.24,26.51,,,0.2
1960-03-01,-0.08,26.92,,,1.7
1960-04-01,0.01,27.39,,,1.3
1960-05-01,0.05,27.47,,,0.9
1960-06-01,-0.2,27.26,,,0.2
1960-07-01,-0.25,26.93,,,0.8
1960-08-01,-0.0,26.66,,,1.3
1960-09-01,0.03,26.44,,,1.1
1960-10-01,-0.07,26.3,,,0.2
1960-11-01,-0.38,26.23,,,0.9
1960-12-01,0.02,26.23,,,1.3
1961-01-01,-0.15,26.34,,,-0.4
1961-02-01,0.04,26.58,,,1.5
1961-03-01,-0.1,26.96,,,-3.0
1961-04-01,0.13,27.35,,,1.3
1961-05-01,-0.01,27.59,,,0.5
1961-06-01,0.1,27.42,,,0.2
1961-07-01,-0.32,26.9,,,0.4
1961-08-01,-0.25,26.27,,,0.2
1961-09-01,-0.52,25.89,,,0.1
1961-10-01,-0.71,25.85,,,-0.5
1961-11-01,-0.19,25.91,,,0.9
1961-12-01,-0.29,26.0,,,2.5
1962-01-01,-0.25,26.05,,,3.3
1962-02-01,-0.16,26.32,,,-0.5
1962-03-01,-0.41,26.71,,,0.2
1962-04-01,-0.32,27.0,,,0.3
1962-05-01,-0.42,27.09,,,1.8
1962-06-01,-0.22,26.96,,,1.2
1962-07-01,-0.3,26.72,,,0.1
1962-08-01,-0.13,26.34,,,1.0
1962-09-01,-0.56,26.07,,,0.7
1962-10-01,-0.33,25.88,,,1.6
1962-11-01,-0.43,25.79,,,0.5
1962-12-01,-0.49,25.73,,,0.3
1963-01-01,-0.32,25.89,,,1.7
1963-02-01,-0.26,26.39,,,0.9
1963-03-01,-0.06,27.07,,,1.9
1963-04-01,-0.06,27.53,,,1.3
1963-05-01,-0.0,27.68,,,0.6
1963-06-01,0.12,27.67,,,-0.8
1963-07-01,0.72,27.62,,,-0.2
1963-08-01,0.9,27.54,,,0.0
1963-09-01,0.65,27.4,,,-1.0
1963-10-01,0.84,27.4,,,-2.0
1963-11-01,0.75,27.47,,,-1.4
1963-12-01,1.05,27.47,,,-2.0
1964-01-01,0.76,27.36,,,-0.6
1964-02-01,0.55,27.16,,,0.1
1964-03-01,-0.16,27.03,,,1.9
1964-04-01,-0.53,26.93,,,1.8
1964-05-01,-0.74,26.78,,,0.4
1964-06-01,-0.88,26.57,,,1.2
1964-07-01,-0.65,26.16,,,0.9
1964-08-01,-0.76,25.74,,,2.5
1964-09-01,-0.93,25.42,,,2.1
1964-10-01,-1.0,25.31,,,2.2
1964-11-01,-1.1,25.28,,,0.3
1964-12-01,-1.07,25.38,,,-0.5
1965-01-01,-0.57,25.69,,,-0.7
1965-02-01,-0.36,26.27,,,0.7
1965-03-01,-0.34,26.85,,,1.2
1965-04-01,-0.09,27.44,,,-0.9
1965-05-01,0.19,27.82,,,0.3
1965-06-01,0.45,27.99,,,-0.9
1965-07-01,0.81,27.98,,,-3.0
1965-08-01,1.25,27.95,,,-1.1
1965-09-01,1.26,28.04,,,-2.2
1965-10-01,1.61,28.09,,,-1.5
1965-11-01,1.54,28.07,,,-2.4
1965-12-01,1.45,27.91,,,0.3
1966-01-01,1.13,27.72,,,-2.2
1966-02-01,0.83,27.81,,,-0.4
1966-03-01,0.83,27.98,,,-1.5
1966-04-01,0.54,27.97,,,-0.3
1966-05-01,-0.06,27.78,,,-0.7
1966-06-01,0.14,27.5,,,0.5
1966-07-01,0.23,27.14,,,0.1
1966-08-01,-0.1,26.69,,,1.1
1966-09-01,-0.05,26.32,,,-0.4
1966-10-01,-0.05,26.24,,,-0.2
1966-11-01,-0.37,26.16,,,-0.0
1966-12-01,-0.26,26.04,,,-0.6
1967-01-01,-0.55,26.01,,,2.8
1967-02-01,-0.56,26.17,,,2.8
1967-03-01,-0.47,26.46,,,2.0
1967-04-01,-0.53,26.87,,,-0.1
1967-05-01,-0.24,27.19,,,-0.0
1967-06-01,-0.12,27.26,,,1.1
1967-07-01,-0.1,26.95,,,0.3
1967-08-01,-0.31,26.41,,,1.2
1967-09-01,-0.59,26.08,,,0.8
1967-10-01,-0.38,25.96,,,0.1
1967-11-01,-0.34,26.0,,,-0.7
1967-12-01,-0.35,25.9,,,-0.9
1968-01-01,-0.6,25.78,,,0.9
1968-02-01,-0.74,25.91,,,2.1
1968-03-01,-0.76,26.38,,,0.2
1968-04-01,-0.47,26.88,,,0.0
1968-05-01,-0.44,27.39,,,2.1
1968-06-01,0.19,27.54,,,1.8
1968-07-01,0.31,27.48,,,1.1
1968-08-01,0.33,27.1,,,0.4
1968-09-01,0.05,26.82,,,-0.4
1968-10-01,0.32,26.89,,,-0.1
1968-11-01,0.76,27.07,,,-0.6
1968-12-01,0.76,27.32,,,0.3
1969-01-01,0.9,27.54,,,-2.4
1969-02-01,1.02,27.73,,,-0.9
1969-03-01,0.61,27.94,,,0.7
1969-04-01,0.33,28.09,,,-0.6
1969-05-01,0.39,28.04,,,-0.4
1969-06-01,0.26,27.69,,,0.3
1969-07-01,0.1,27.26,,,-0.8
1969-08-01,0.52,27.08,,,-0.2
1969-09-01,0.47,27.17,,,-1.6
1969-10-01,0.66,27.2,,,-1.5
1969-11-01,0.75,27.14,,,-0.1
1969-12-01,0.68,26.98,,,0.7
1970-01-01,0.55,26.93,,,-1.9
1970-02-01,0.36,26.98,,,-1.7
1970-03-01,0.26,27.29,,,1.0
1970-04-01,0.18,27.51,,,-0.1
1970-05-01,0.01,27.47,,,0.6
1970-06-01,-0.3,26.96,,,1.6
1970-07-01,-0.98,26.28,,,-0.6
1970-08-01,-0.95,25.81,,,1.0
1970-09-01,-0.78,25.61,,,1.9
1970-10-01,-0.65,25.6,,,1.7
1970-11-01,-0.85,25.48,,,2.6
1970-12-01,-1.11,25.22,,,3.2
1971-01-01,-1.47,25.1,,,0.6
1971-02-01,-1.28,25.32,,,3.3
1971-03-01,-1.29,25.92,,,3.8
1971-04-01,-0.97,26.51,,,2.8
1971-05-01,-0.82,26.73,,,1.4
1971-06-01,-0.78,26.56,,,0.7
1971-07-01,-0.64,26.15,,,0.4
1971-08-01,-0.65,25.86,,,2.5
1971-09-01,-0.75,25.64,,,2.3
1971-10-01,-0.78,25.58,,,2.8
1971-11-01,-0.85,25.46,,,0.9
1971-12-01,-0.89,25.52,,,0.4
1972-01-01,-0.58,25.77,,,0.8
1972-02-01,-0.22,26.35,,,1.8
1972-03-01,-0.25,27.1,,,1.1
1972-04-01,0.21,27.77,,,-0.2
1972-05-01,0.33,28.13,,,-2.6
1972-06-01,0.66,28.21,,,-0.9
1972-07-01,0.83,28.09,,,-2.4
1972-08-01,1.3,28.0,,,-0.8
1972-09-01,1.19,28.04,,,-2.2
1972-10-01,1.77,28.26,,,-1.5
1972-11-01,1.87,28.51,,,-0.6
1972-12-01,2.19,28.54,,,-2.1
1973-01-01,1.6,28.32,,,-0.5
1973-02-01,1.08,27.95,,,-2.3
1973-03-01,0.58,27.59,,,1.2
1973-04-01,-0.07,27.26,,,0.1
1973-05-01,-0.56,26.92,,,0.7
1973-06-01,-0.86,26.42,,,1.8
1973-07-01,-1.14,25.84,,,1.0
1973-08-01,-1.21,25.35,,,2.1
1973-09-01,-1.4,25.01,,,2.0
1973-10-01,-1.58,24.71,,,1.3
1973-11-01,-2.07,24.47,,,4.3
1973-12-01,-2.18,24.38,,,3.0
1974-01-01,-2.02,24.64,,,4.0
1974-02-01,-1.5,25.14,,,3.4
1974-03-01,-1.44,25.82,,,4.0
1974-04-01,-1.0,26.33,,,1.6
1974-05-01,-0.79,26.55,,,1.6
1974-06-01,-0.7,26.52,,,0.7
1974-07-01,-0.65,26.42,,,1.9
1974-08-01,-0.32,26.26,,,1.3
1974-09-01,-0.35,26.06,,,1.8
1974-10-01,-0.75,25.82,,,1.5
1974-11-01,-0.96,25.67,,,-0.2
1974-12-01,-0.86,25.78,,,0.3
1975-01-01,-0.37,25.94,32.0,-2.8,-0.8
1975-02-01,-0.33,26.13,52.0,17.1,1.3
1975-03-01,-0.59,26.39,54.5,17.5,2.6
1975-04-01,-0.59,26.63,48.7,11.4,1.9
1975-05-01,-1.0,26.64,64.1,21.4,1.1
1975-06-01,-1.25,26.31,59.6,15.9,2.1
1975-07-01,-1.24,25.82,64.7,18.6,3.1
1975-08-01,-1.16,25.43,72.8,22.2,3.3
1975-09-01,-1.44,25.09,74.0,20.1,3.4
1975-10-01,-1.47,25.0,73.3,21.3,2.8
1975-11-01,-1.46,24.87,67.5,19.7,1.9
1975-12-01,-1.64,24.75,67.0,29.9,3.5
1976-01-01,-1.8,24.9,51.5,16.7,2.3
1976-02-01,-1.05,25.5,53.9,19.0,2.8
1976-03-01,-0.68,26.28,41.9,4.9,2.9
1976-04-01,-0.42,26.85,47.6,10.3,0.5
1976-05-01,-0.49,27.15,48.8,6.1,0.6
1976-06-01,0.0,27.22,38.1,-5.6,0.4
1976-07-01,0.15,27.15,37.6,-8.5,-1.4
1976-08-01,0.31,27.04,40.9,-9.7,-1.3
1976-09-01,0.57,27.15,48.6,-5.3,-1.9
1976-10-01,0.86,27.29,43.5,-8.5,0.7
1976-11-01,0.88,27.32,51.3,3.5,1.2
1976-12-01,0.64,27.27,24.5,-12.6,-0.6
1977-01-01,0.84,27.18,24.4,-10.4,-0.7
1977-02-01,0.55,27.31,44.4,9.5,2.0
1977-03-01,0.4,27.35,19.4,-17.6,-0.9
1977-04-01,-0.25,27.55,36.6,-0.7,-0.7
1977-05-01,-0.03,27.64,48.9,6.2,-0.8
1977-06-01,0.36,27.61,50.1,6.4,-1.5
1977-07-01,0.45,27.32,42.8,-3.3,-1.9
1977-08-01,0.25,27.11,50.0,-0.6,-1.3
1977-09-01,0.44,27.1,53.7,-0.2,-1.3
1977-10-01,0.89,27.21,48.5,-3.5,-1.7
1977-11-01,1.03,27.27,36.5,-11.3,-2.1
1977-12-01,1.09,27.21,8.0,-29.1,-1.7
1978-01-01,0.72,27.15,,,-0.5
1978-02-01,0.51,27.09,,,-4.4
1978-03-01,0.06,27.08,,,-0.3
1978-04-01,-0.37,27.14,,,-0.5
1978-05-01,-0.49,27.11,,,2.2
1978-06-01,-0.45,26.98,,,1.1
1978-07-01,-0.48,26.61,,,0.9
1978-08-01,-0.62,26.27,,,0.7
1978-09-01,-0.6,26.11,,,0.1
1978-10-01,-0.34,26.19,,,-0.6
1978-11-01,-0.15,26.37,,,-0.0
1978-12-01,0.07,26.43,,,-0.1
1979-01-01,0.05,26.5,23.4,-11.4,-0.7
1979-02-01,0.09,26.75,25.4,-9.5,1.6
1979-03-01,0.13,27.22,32.7,-4.3,0.2
1979-04-01,0.17,27.6,42.5,5.2,-0.2
1979-05-01,-0.09,27.66,43.3,0.6,0.8
1979-06-01,0.04,27.32,48.9,5.2,1.1
1979-07-01,-0.2,27.0,54.0,7.9,2.2
1979-08-01,0.21,26.86,54.1,3.5,-0.3
1979-09-01,0.48,26.86,52.5,-1.4,0.2
1979-10-01,0.32,26.94,40.8,-11.2,-0.2
1979-11-01,0.35,26.98,40.4,-7.4,-0.7
1979-12-01,0.69,27.06,29.0,-8.1,-1.2
1980-01-01,0.55,27.06,43.8,9.0,0.7
1980-02-01,0.33,27.13,41.8,6.9,0.5
1980-03-01,0.09,27.35,20.0,-17.0,-0.7
1980-04-01,0.2,27.7,37.6,0.3,-1.0
1980-05-01,0.13,27.9,40.1,-2.6,-0.0
1980-06-01,0.37,27.73,33.2,-10.5,-0.0
1980-07-01,0.02,27.22,41.5,-4.6,-0.1
1980-08-01,-0.23,26.72,36.9,-13.7,0.6
1980-09-01,-0.12,26.46,54.5,0.6,-0.8
1980-10-01,-0.11,26.5,47.2,-4.8,0.0
1980-11-01,0.1,26.57,42.1,-5.7,-0.6
1980-12-01,0.36,26.48,42.2,5.1,-0.1
1981-01-01,-0.45,26.32,40.8,6.0,0.6
1981-02-01,-0.45,26.32,24.1,-10.8,-0.3
1981-03-01,-0.02,26.69,22.2,-14.8,-2.1
1981-04-01,-0.17,27.11,23.3,-14.0,-0.2
1981-05-01,-0.11,27.31,50.9,8.2,1.3
1981-06-01,-0.15,27.09,49.4,5.7,2.0
1981-07-01,-0.43,26.75,47.8,1.7,1.4
1981-08-01,-0.18,26.5,64.8,14.2,1.2
1981-09-01,-0.07,26.42,53.6,-0.3,0.5
1981-10-01,-0.03,26.41,54.8,2.8,-0.6
1981-11-01,-0.27,26.37,51.9,4.1,0.3
1981-12-01,0.07,26.46,34.7,-2.4,0.8
1982-01-01,-0.04,26.56,49.5,14.7,2.0
1982-02-01,-0.13,26.9,36.9,2.0,0.4
1982-03-01,-0.02,27.35,28.4,-8.6,1.0
1982-04-01,0.24,27.95,37.1,-0.2,0.1
1982-05-01,0.65,28.23,49.7,7.0,-0.6
1982-06-01,0.92,28.1,40.1,-3.6,-1.7
1982-07-01,0.64,27.83,27.2,-18.9,-2.5
1982-08-01,0.93,27.81,24.9,-25.7,-2.9
1982-09-01,1.39,28.16,32.6,-21.3,-2.9
1982-10-01,2.0,28.5,24.0,-28.0,-2.8
1982-11-01,2.07,28.7,16.2,-31.6,-4.3
1982-12-01,2.33,28.76,22.9,-14.2,-3.7
1983-01-01,2.43,28.79,11.3,-23.5,-5.8
1983-02-01,2.22,28.75,24.7,-10.2,-6.0
1983-03-01,1.69,28.71,38.0,1.0,-4.0
1983-04-01,1.12,28.76,42.7,5.4,-1.5
1983-05-01,1.12,28.63,29.7,-13.0,1.0
1983-06-01,0.62,28.1,28.9,-14.8,0.1
1983-07-01,-0.11,27.36,29.9,-16.2,-1.0
1983-08-01,-0.13,26.66,49.0,-1.6,0.2
1983-09-01,-0.5,26.12,52.1,-1.8,1.4
1983-10-01,-1.03,25.73,57.3,5.3,0.7
1983-11-01,-1.13,25.52,51.0,3.2,-0.2
1983-12-01,-0.95,25.62,53.9,16.8,0.0
1984-01-01,-0.8,26.01,61.9,27.1,0.3
1984-02-01,-0.53,26.41,64.8,29.9,1.4
1984-03-01,-0.48,26.83,55.7,18.7,-0.4
1984-04-01,-0.6,27.04,54.6,17.3,0.6
1984-05-01,-0.64,27.06,53.4,10.7,0.3
1984-06-01,-0.9,26.94,50.7,7.0,-0.6
1984-07-01,-0.4,26.74,47.0,0.9,0.3
1984-08-01,-0.4,26.59,53.7,3.1,0.7
1984-09-01,-0.35,26.34,57.8,3.9,0.2
1984-10-01,-0.83,25.98,54.9,2.9,-0.5
1984-11-01,-1.18,25.61,44.6,-3.2,0.4
1984-12-01,-1.53,25.39,39.1,2.0,-0.2
1985-01-01,-0.89,25.56,37.3,2.5,-0.5
1985-02-01,-0.91,25.98,54.3,19.4,2.0
1985-03-01,-0.96,26.4,26.0,-11.0,1.3
1985-04-01,-0.98,26.69,49.8,12.5,1.9
1985-05-01,-0.9,26.79,60.3,17.6,0.7
1985-06-01,-0.76,26.76,51.4,7.7,-0.6
1985-07-01,-0.61,26.55,51.4,5.3,-0.2
1985-08-01,-0.49,26.29,57.4,6.8,1.6
1985-09-01,-0.57,26.18,53.6,-0.3,0.0
1985-10-01,-0.64,26.19,55.0,3.0,-0.6
1985-11-01,-0.43,26.25,45.6,-2.2,-0.3
1985-12-01,-0.4,26.14,37.9,0.8,0.4
1986-01-01,-0.79,26.05,37.7,2.9,1.6
1986-02-01,-0.64,26.28,49.7,14.8,-1.7
1986-03-01,-0.51,26.81,54.8,17.8,0.8
1986-04-01,-0.41,27.26,43.9,6.6,0.5
1986-05-01,-0.47,27.44,48.3,5.6,-0.4
1986-06-01,-0.08,27.34,40.3,-3.4,1.6
1986-07-01,0.16,27.26,43.0,-3.1,0.5
1986-08-01,0.24,27.2,53.5,2.9,-0.6
1986-09-01,0.59,27.31,37.7,-16.2,-0.8
1986-10-01,0.9,27.49,40.3,-11.7,1.1
1986-11-01,1.04,27.64,24.8,-23.0,-2.0
1986-12-01,0.98,27.7,-0.4,-37.5,-2.4
1987-01-01,1.19,27.76,-1.2,-36.0,-1.1
1987-02-01,1.17,27.95,-1.0,-35.9,-2.1
1987-03-01,1.24,28.19,16.5,-20.5,-2.1
1987-04-01,0.89,28.41,17.6,-19.7,-2.3
1987-05-01,0.91,28.53,13.3,-29.4,-2.1
1987-06-01,1.24,28.59,24.5,-19.2,-1.8
1987-07-01,1.34,28.54,12.5,-33.6,-2.2
1987-08-01,1.48,28.45,25.8,-24.8,-1.5
1987-09-01,1.53,28.24,43.8,-10.1,-1.7
1987-10-01,1.36,28.03,33.7,-18.3,-0.6
1987-11-01,1.29,27.76,37.4,-10.4,-0.0
1987-12-01,1.05,27.59,17.6,-19.5,-0.8
1988-01-01,0.69,27.34,21.0,-13.8,-0.2
1988-02-01,0.35,27.29,23.6,-11.3,-0.6
1988-03-01,0.29,27.27,44.0,7.0,1.1
1988-04-01,-0.49,27.15,40.9,3.6,0.2
1988-05-01,-1.05,26.69,51.4,8.7,1.5
1988-06-01,-1.46,26.08,57.3,13.6,0.1
1988-07-01,-1.54,25.74,59.8,13.7,1.7
1988-08-01,-1.44,25.65,67.9,17.3,2.5
1988-09-01,-1.33,25.4,70.4,16.5,3.0
1988-10-01,-2.09,25.07,65.2,13.2,2.3
1988-11-01,-2.18,24.71,65.8,18.0,2.8
1988-12-01,-1.98,24.63,61.5,24.4,2.0
1989-01-01,-1.95,24.84,61.1,26.3,2.5
1989-02-01,-1.37,25.32,61.2,26.3,2.0
1989-03-01,-1.33,26.04,57.4,20.4,1.8
1989-04-01,-1.11,26.64,47.2,9.9,2.7
1989-05-01,-0.8,26.99,49.1,6.4,2.0
1989-06-01,-0.64,26.97,53.8,10.1,1.2
1989-07-01,-0.47,26.73,52.0,5.9,1.5
1989-08-01,-0.58,26.48,57.7,7.1,-0.5
1989-09-01,-0.38,26.35,62.2,8.3,0.8
1989-10-01,-0.4,26.33,55.9,3.9,1.3
1989-11-01,-0.3,26.34,37.8,-10.0,-0.4
1989-12-01,-0.13,26.43,34.5,-2.6,-0.9
1990-01-01,0.02,26.67,19.8,-15.0,-0.1
1990-02-01,0.36,26.96,19.8,-15.1,-3.0
1990-03-01,0.2,27.41,14.7,-22.3,-0.7
1990-04-01,0.26,27.75,25.8,-11.5,0.3
1990-05-01,0.32,27.86,42.3,-0.4,2.0
1990-06-01,0.0,27.68,45.5,1.8,0.5
1990-07-01,0.15,27.37,43.0,-3.1,0.9
1990-08-01,0.17,27.13,39.9,-10.7,-0.3
1990-09-01,0.12,26.98,43.3,-10.6,-1.2
1990-10-01,0.13,26.89,50.3,-1.7,0.4
1990-11-01,0.08,26.9,40.7,-7.1,-0.8
1990-12-01,0.32,26.94,29.7,-7.4,-0.4
1991-01-01,0.51,27.02,27.9,-6.9,1.0
1991-02-01,0.32,27.15,25.7,-9.2,0.4
1991-03-01,0.1,27.48,30.8,-6.2,-1.1
1991-04-01,0.21,27.85,36.9,-0.4,-1.0
1991-05-01,0.44,28.16,41.9,-0.8,-1.7
1991-06-01,0.65,28.17,40.5,-3.2,-0.2
1991-07-01,0.62,27.94,38.9,-7.2,0.0
1991-08-01,0.43,27.57,34.5,-16.1,-0.7
1991-09-01,0.22,27.41,42.5,-11.4,-2.5
1991-10-01,0.91,27.54,42.9,-9.1,-1.7
1991-11-01,1.14,27.91,8.8,-39.0,-1.1
1991-12-01,1.62,28.18,8.6,-28.5,-2.9
1992-01-01,1.61,28.39,0.6,-34.2,-4.7
1992-02-01,1.62,28.52,14.8,-20.1,-1.5
1992-03-01,1.5,28.73,5.4,-31.6,-3.3
1992-04-01,1.41,28.88,11.8,-25.5,-1.7
1992-05-01,1.27,28.76,14.6,-28.1,0.4
1992-06-01,0.53,28.26,28.0,-15.7,-1.0
1992-07-01,0.27,27.57,39.1,-7.0,-1.0
1992-08-01,-0.15,27.03,46.8,-3.8,0.6
1992-09-01,-0.14,26.66,53.1,-0.8,0.1
1992-10-01,-0.35,26.5,44.2,-7.8,-2.3
1992-11-01,-0.14,26.43,30.8,-17.0,-1.1
1992-12-01,0.04,26.52,13.3,-23.8,-0.9
1993-01-01,0.28,26.77,23.5,-11.3,-1.5
1993-02-01,0.42,27.18,9.7,-25.2,-1.2
1993-03-01,0.47,27.75,21.7,-15.3,-0.8
1993-04-01,0.92,28.27,5.4,-31.9,-1.9
1993-05-01,0.93,28.4,19.7,-23.0,-0.6
1993-06-01,0.64,28.1,22.4,-21.3,-1.4
1993-07-01,0.33,27.53,25.9,-20.2,-1.3
1993-08-01,0.16,27.19,40.6,-10.0,-1.6
1993-09-01,0.26,26.94,40.1,-13.8,-1.2
1993-10-01,0.36,26.85,28.3,-23.7,-1.8
1993-11-01,0.28,26.75,45.9,-1.9,-0.1
1993-12-01,0.19,26.71,26.8,-10.3,0.3
1994-01-01,0.03,26.74,33.5,-1.3,-0.2
1994-02-01,-0.16,26.95,44.7,9.8,0.4
1994-03-01,-0.06,27.43,41.3,4.3,-1.1
1994-04-01,0.03,27.9,32.0,-5.3,-2.1
1994-05-01,0.14,28.12,40.5,-2.2,-1.1
1994-06-01,0.27,27.94,45.4,1.7,-0.7
1994-07-01,0.16,27.65,41.5,-4.6,-2.2
1994-08-01,0.52,27.37,41.2,-9.4,-2.0
1994-09-01,0.4,27.35,37.5,-16.4,-2.6
1994-10-01,0.9,27.49,43.3,-8.7,-1.9
1994-11-01,1.14,27.71,25.7,-22.1,-0.9
1994-12-01,1.21,27.74,-6.9,-44.0,-2.0
1995-01-01,1.1,27.64,8.5,-26.3,-0.7
1995-02-01,0.87,27.61,25.2,-9.7,-0.2
1995-03-01,0.49,27.79,36.7,-0.3,1.2
1995-04-01,0.27,27.9,40.3,3.0,-1.1
1995-05-01,0.03,27.84,46.0,3.3,-0.6
1995-06-01,0.08,27.5,50.6,6.9,0.2
1995-07-01,0.03,26.97,52.1,6.0,0.7
1995-08-01,-0.38,26.4,61.9,11.3,0.5
1995-09-01,-0.57,25.99,59.5,5.6,0.4
1995-10-01,-0.72,25.78,66.0,14.0,0.0
1995-11-01,-0.78,25.7,60.7,12.9,0.1
1995-12-01,-0.72,25.66,52.8,15.7,-0.8
1996-01-01,-0.65,25.76,61.7,26.9,1.6
1996-02-01,-0.66,26.1,60.4,25.5,0.4
1996-03-01,-0.48,26.65,53.5,16.5,1.9
1996-04-01,-0.34,27.2,43.5,6.2,1.3
1996-05-01,-0.4,27.4,49.2,6.5,0.5
1996-06-01,-0.12,27.23,51.8,8.1,1.9
1996-07-01,-0.14,26.93,53.4,7.3,1.1
1996-08-01,-0.3,26.59,58.9,8.3,1.2
1996-09-01,-0.34,26.39,63.9,10.0,1.0
1996-10-01,-0.28,26.28,59.5,7.5,1.0
1996-11-01,-0.3,26.17,56.1,8.3,-0.1
1996-12-01,-0.43,26.09,47.3,10.2,1.5
1997-01-01,-0.43,26.12,41.9,7.1,0.8
1997-02-01,-0.24,26.49,42.5,7.6,2.9
1997-03-01,-0.06,27.14,21.6,-15.4,-0.7
1997-04-01,0.34,27.87,19.0,-18.3,-1.0
1997-05-01,0.87,28.46,16.3,-26.4,-2.2
1997-06-01,1.15,28.75,29.7,-14.0,-2.3
1997-07-01,1.6,28.8,22.8,-23.3,-1.2
1997-08-01,1.94,28.81,24.8,-25.8,-2.4
1997-09-01,2.1,28.88,32.8,-21.1,-2.4
1997-10-01,2.29,29.01,12.2,-39.8,-2.4
1997-11-01,2.42,29.02,38.8,-9.0,-2.0
1997-12-01,2.3,28.97,14.4,-22.7,-1.6
1998-01-01,2.42,28.87,24.0,-10.8,-4.4
1998-02-01,2.08,28.78,30.2,-4.7,-3.4
1998-03-01,1.49,28.68,39.2,2.2,-4.0
1998-04-01,0.9,28.59,53.3,16.0,-2.4
1998-05-01,0.68,28.16,37.4,-5.3,0.4
1998-06-01,-0.39,27.39,42.9,-0.8,1.6
1998-07-01,-0.73,26.42,53.3,7.2,2.0
1998-08-01,-0.83,25.79,60.7,10.1,1.9
1998-09-01,-0.82,25.44,68.2,14.3,1.7
1998-10-01,-1.19,25.32,64.3,12.3,1.8
1998-11-01,-1.23,25.14,64.0,16.2,1.7
1998-12-01,-1.51,25.01,57.3,20.2,2.3
1999-01-01,-1.53,25.08,62.5,27.7,3.0
1999-02-01,-1.41,25.55,54.5,19.6,1.6
1999-03-01,-0.92,26.17,59.8,22.8,2.1
1999-04-01,-0.81,26.62,53.3,16.0,2.3
1999-05-01,-0.87,26.68,53.8,11.1,0.4
1999-06-01,-0.95,26.49,52.1,8.4,0.4
1999-07-01,-0.84,26.1,49.6,3.5,0.9
1999-08-01,-0.98,25.8,61.5,10.9,0.6
1999-09-01,-0.84,25.58,69.4,15.5,-0.1
1999-10-01,-1.03,25.41,65.9,13.9,1.6
1999-11-01,-1.41,25.16,59.0,11.2,1.7
1999-12-01,-1.54,24.93,65.3,28.2,2.4
2000-01-01,-1.79,24.96,62.0,27.2,1.1
2000-02-01,-1.53,25.44,68.8,33.9,2.7
2000-03-01,-1.26,26.17,64.3,27.3,2.2
2000-04-01,-0.8,26.78,55.2,17.9,2.0
2000-05-01,-0.8,27.0,48.5,5.8,0.6
2000-06-01,-0.75,26.88,55.9,12.2,-0.3
2000-07-01,-0.57,26.65,57.9,11.8,-0.3
2000-08-01,-0.36,26.4,48.8,-1.8,1.2
2000-09-01,-0.39,26.2,62.4,8.5,1.4
2000-10-01,-0.55,26.05,57.5,5.5,1.8
2000-11-01,-0.75,25.88,58.2,10.4,3.0
2000-12-01,-0.92,25.81,52.2,15.1,1.3
2001-01-01,-0.88,25.88,58.7,23.9,1.6
2001-02-01,-0.63,26.26,44.7,9.8,2.8
2001-03-01,-0.48,26.76,49.5,12.5,1.5
2001-04-01,-0.3,27.25,37.6,0.3,0.3
2001-05-01,-0.3,27.49,39.8,-2.9,-0.8
2001-06-01,-0.11,27.47,44.0,0.3,0.5
2001-07-01,0.01,27.2,45.9,-0.2,-0.3
2001-08-01,-0.07,26.86,44.6,-6.0,-0.7
2001-09-01,-0.28,26.63,58.3,4.4,0.3
2001-10-01,-0.26,26.48,50.3,-1.7,-0.1
2001-11-01,-0.28,26.37,41.2,-6.6,1.1
2001-12-01,-0.46,26.31,8.7,-28.4,-1.4
2002-01-01,-0.14,26.44,31.7,-3.1,0.7
2002-02-01,0.0,26.81,16.0,-18.9,1.8
2002-03-01,0.11,27.29,22.1,-14.9,-0.4
2002-04-01,0.14,27.8,41.3,4.0,-0.1
2002-05-01,0.21,28.18,45.0,2.3,-1.4
2002-06-01,0.68,28.24,32.0,-11.7,-0.4
2002-07-01,0.57,28.06,49.3,3.2,-0.8
2002-08-01,0.7,27.85,25.9,-24.7,-1.6
2002-09-01,0.82,27.83,24.1,-29.8,-1.0
2002-10-01,1.16,27.97,29.4,-22.6,-0.6
2002-11-01,1.41,28.03,20.0,-27.8,-0.7
2002-12-01,1.41,27.76,12.9,-24.2,-1.8
2003-01-01,0.98,27.51,-0.9,-35.7,-0.3
2003-02-01,0.64,27.41,18.5,-16.4,-1.1
2003-03-01,0.48,27.58,24.7,-12.3,-0.5
2003-04-01,-0.03,27.56,42.3,5.0,-0.2
2003-05-01,-0.52,27.48,44.1,1.4,-0.5
2003-06-01,-0.19,27.42,56.1,12.4,-1.0
2003-07-01,0.14,27.35,42.2,-3.9,0.5
2003-08-01,0.05,27.2,57.9,7.3,0.2
2003-09-01,0.15,27.08,53.1,-0.8,-0.2
2003-10-01,0.46,27.05,51.9,-0.1,0.0
2003-11-01,0.39,27.07,55.2,7.4,-0.5
2003-12-01,0.32,26.97,36.0,-1.1,1.8
2004-01-01,0.26,26.95,21.3,-13.5,-2.2
2004-02-01,0.17,27.08,41.7,6.8,2.0
2004-03-01,-0.1,27.43,29.2,-7.8,0.7
2004-04-01,0.06,27.76,24.1,-13.2,-1.5
2004-05-01,0.1,27.91,46.6,3.9,1.7
2004-06-01,0.14,27.87,26.9,-16.8,-1.4
2004-07-01,0.41,27.74,48.3,2.2,-0.8
2004-08-01,0.66,27.63,44.6,-6.0,-0.5
2004-09-01,0.67,27.52,48.8,-5.1,-0.6
2004-10-01,0.73,27.44,47.3,-4.7,-0.1
2004-11-01,0.62,27.38,36.1,-11.7,-1.1
2004-12-01,0.71,27.3,35.7,-1.4,-1.3
2005-01-01,0.56,27.22,32.5,-2.3,0.6
2005-02-01,0.26,27.36,0.3,-34.6,-5.2
2005-03-01,0.28,27.65,37.1,0.1,0.5
2005-04-01,0.28,28.02,29.4,-7.9,-1.0
2005-05-01,0.3,28.03,39.4,-3.3,-1.3
2005-06-01,0.22,27.69,45.5,1.8,0.7
2005-07-01,-0.01,27.21,36.7,-9.4,0.3
2005-08-01,-0.04,26.85,56.0,5.4,-0.6
2005-09-01,-0.08,26.71,51.9,-2.0,0.6
2005-10-01,-0.15,26.48,52.0,-0.0,2.0
2005-11-01,-0.44,26.15,54.5,6.7,-0.3
2005-12-01,-0.75,25.81,50.2,13.1,-0.0
2006-01-01,-0.98,25.8,47.9,13.1,2.7
2006-02-01,-0.71,26.1,40.8,5.9,0.2
2006-03-01,-0.73,26.73,53.5,16.5,2.9
2006-04-01,-0.3,27.31,41.9,4.6,1.8
2006-05-01,-0.11,27.69,53.3,10.6,-0.8
2006-06-01,0.09,27.62,37.4,-6.3,-0.4
2006-07-01,0.03,27.4,46.6,0.5,-1.0
2006-08-01,0.37,27.26,42.9,-7.7,-1.7
2006-09-01,0.63,27.3,46.5,-7.4,-1.0
2006-10-01,0.76,27.48,35.7,-16.3,-2.1
2006-11-01,0.98,27.62,36.8,-11.0,0.1
2006-12-01,1.1,27.56,25.4,-11.7,-0.5
2007-01-01,0.59,27.3,12.3,-22.5,-1.3
2007-02-01,0.12,27.09,34.1,-0.8,-0.1
2007-03-01,-0.15,27.18,43.1,6.1,0.3
2007-04-01,-0.16,27.37,36.1,-1.2,-0.2
2007-05-01,-0.39,27.45,43.7,1.0,-0.2
2007-06-01,-0.16,27.18,49.8,6.1,0.9
2007-07-01,-0.37,26.74,56.4,10.3,-0.5
2007-08-01,-0.57,26.15,56.1,5.5,0.7
2007-09-01,-1.04,25.69,61.5,7.6,0.3
2007-10-01,-1.4,25.37,67.1,15.1,1.2
2007-11-01,-1.58,25.17,51.4,3.6,1.4
2007-12-01,-1.61,25.02,60.2,23.1,2.7
2008-01-01,-1.79,25.0,44.1,9.3,2.9
2008-02-01,-1.7,25.35,67.9,33.0,4.4
2008-03-01,-1.17,26.01,66.1,29.1,2.4
2008-04-01,-0.89,26.67,56.5,19.2,1.1
2008-05-01,-0.64,26.99,57.2,14.5,-0.1
2008-06-01,-0.44,27.04,48.4,4.7,1.0
2008-07-01,-0.04,26.92,53.8,7.7,0.5
2008-08-01,-0.04,26.73,55.9,5.3,1.7
2008-09-01,-0.28,26.52,55.7,1.8,2.0
2008-10-01,-0.3,26.36,63.1,11.1,2.1
2008-11-01,-0.37,26.12,56.2,8.4,2.2
2008-12-01,-0.9,25.88,62.2,25.1,2.4
2009-01-01,-1.0,25.79,,,1.8
2009-02-01,-0.71,26.08,,,3.1
2009-03-01,-0.72,26.68,,,0.7
2009-04-01,-0.25,27.36,,,1.3
2009-05-01,0.17,27.84,,,-0.2
2009-06-01,0.49,27.94,,,0.2
2009-07-01,0.69,27.75,,,0.4
2009-08-01,0.62,27.53,,,-0.3
2009-09-01,0.68,27.47,,,0.5
2009-10-01,0.96,27.72,,,-2.0
2009-11-01,1.49,28.03,,,-1.0
2009-12-01,1.81,28.18,,,-1.2
2010-01-01,1.43,28.14,2.1,-32.7,-1.8
2010-02-01,1.18,28.09,-0.6,-35.5,-2.4
2010-03-01,1.07,28.14,14.4,-22.6,-1.1
2010-04-01,0.56,28.04,32.6,-4.7,2.0
2010-05-01,-0.15,27.66,52.7,10.0,1.5
2010-06-01,-0.62,27.0,59.3,15.6,0.6
2010-07-01,-0.89,26.25,58.2,12.1,3.0
2010-08-01,-1.33,25.61,65.6,15.0,3.0
2010-09-01,-1.56,25.21,74.2,20.3,3.7
2010-10-01,-1.65,25.07,72.8,20.8,2.9
2010-11-01,-1.57,25.03,70.8,23.0,2.1
2010-12-01,-1.63,25.02,71.3,34.2,4.8
2011-01-01,-1.7,25.22,66.2,31.4,3.8
2011-02-01,-1.26,25.68,70.9,36.0,4.5
2011-03-01,-0.98,26.37,64.1,27.1,4.2
2011-04-01,-0.74,26.95,53.9,16.6,3.1
2011-05-01,-0.53,27.28,46.8,4.1,0.6
2011-06-01,-0.25,27.21,42.1,-1.6,0.4
2011-07-01,-0.23,26.81,46.2,0.1,1.6
2011-08-01,-0.66,26.33,53.6,3.0,0.7
2011-09-01,-0.76,25.93,56.3,2.4,1.7
2011-10-01,-0.93,25.7,66.8,14.8,1.2
2011-11-01,-1.09,25.58,59.9,12.1,1.8
2011-12-01,-1.05,25.58,60.0,22.9,4.1
2012-01-01,-0.93,25.77,61.2,26.4,1.8
2012-02-01,-0.61,26.15,63.9,29.0,0.8
2012-03-01,-0.48,26.71,50.3,13.3,1.2
2012-04-01,-0.29,27.21,39.3,2.0,-0.4
2012-05-01,-0.18,27.57,42.0,-0.7,0.1
2012-06-01,0.14,27.64,45.8,2.1,-0.7
2012-07-01,0.44,27.54,33.1,-13.0,-0.1
2012-08-01,0.66,27.32,51.9,1.3,-0.3
2012-09-01,0.44,27.13,45.9,-8.0,0.4
2012-10-01,0.23,26.98,46.5,-5.5,0.5
2012-11-01,0.33,26.73,44.9,-2.9,0.4
2012-12-01,-0.13,26.41,44.8,7.7,-1.0
2013-01-01,-0.42,26.21,29.9,-4.9,-0.1
2013-02-01,-0.4,26.44,36.6,1.7,-0.4
2013-03-01,-0.14,26.96,33.4,-3.6,2.5
2013-04-01,-0.08,27.38,47.1,9.8,0.4
2013-05-01,-0.28,27.47,52.3,9.6,1.3
2013-06-01,-0.33,27.24,49.2,5.5,2.0
2013-07-01,-0.28,26.89,55.2,9.1,1.3
2013-08-01,-0.29,26.64,63.6,13.0,0.3
2013-09-01,-0.09,26.51,58.1,4.2,0.5
2013-10-01,-0.24,26.54,53.5,1.5,-0.1
2013-11-01,-0.02,26.5,56.0,8.2,1.2
2013-12-01,-0.09,26.35,48.4,11.3,0.1
2014-01-01,-0.42,26.22,38.6,3.8,2.4
2014-02-01,-0.45,26.41,38.2,3.3,0.1
2014-03-01,-0.07,27.03,19.7,-17.3,-1.5
2014-04-01,0.28,27.73,22.3,-15.0,1.3
2014-05-01,0.45,28.04,40.7,-2.0,0.9
2014-06-01,0.48,27.82,32.2,-11.5,0.3
2014-07-01,0.13,27.34,43.5,-2.6,-0.3
2014-08-01,0.14,27.02,55.5,4.9,-1.2
2014-09-01,0.37,27.0,54.5,0.6,-1.2
2014-10-01,0.48,27.21,49.0,-3.0,-1.0
2014-11-01,0.89,27.31,50.3,2.5,-1.5
2014-12-01,0.77,27.28,37.8,0.7,-0.9
2015-01-01,0.59,27.19,36.6,1.8,-1.4
2015-02-01,0.57,27.34,32.8,-2.1,0.4
2015-03-01,0.48,27.82,8.0,-29.0,-1.2
2015-04-01,0.9,28.38,21.1,-16.2,-0.1
2015-05-01,1.04,28.76,28.3,-14.4,-1.2
2015-06-01,1.28,28.83,21.2,-22.5,-0.9
2015-07-01,1.56,28.81,39.8,-6.3,-1.9
2015-08-01,1.87,28.82,27.6,-23.0,-2.4
2015-09-01,2.01,28.93,28.1,-25.8,-2.7
2015-10-01,2.21,29.14,28.4,-23.6,-2.8
2015-11-01,2.57,29.25,23.7,-24.1,-0.8
2015-12-01,2.56,29.26,-4.3,-41.4,-0.9
2016-01-01,2.56,29.12,2.9,-31.9,-3.6
2016-02-01,2.11,29.01,-2.6,-37.5,-3.2
2016-03-01,1.6,28.88,12.3,-24.7,-0.1
2016-04-01,1.05,28.62,22.9,-14.4,-2.0
2016-05-01,0.45,28.22,40.2,-2.5,0.7
2016-06-01,0.06,27.59,44.8,1.1,1.1
2016-07-01,-0.25,26.93,52.7,6.6,0.7
2016-08-01,-0.48,26.42,62.1,11.5,1.2
2016-09-01,-0.46,26.14,65.4,11.5,2.0
2016-10-01,-0.75,26.02,66.1,14.1,-0.4
2016-11-01,-0.63,26.01,66.6,18.8,-0.2
2016-12-01,-0.51,26.06,55.3,18.2,0.5
2017-01-01,-0.34,26.3,49.5,14.7,0.3
2017-02-01,-0.01,26.71,56.6,21.7,-0.1
2017-03-01,-0.09,27.35,54.1,17.1,1.5
2017-04-01,0.22,27.89,43.1,5.8,-0.3
2017-05-01,0.3,28.13,44.8,2.1,0.4
2017-06-01,0.22,27.97,53.0,9.3,-0.7
2017-07-01,0.22,27.43,37.5,-8.6,1.3
2017-08-01,-0.18,26.84,54.1,3.5,0.9
2017-09-01,-0.56,26.38,63.9,10.0,1.0
2017-10-01,-0.52,26.06,60.9,8.9,1.5
2017-11-01,-0.84,25.84,61.9,14.1,1.5
2017-12-01,-0.85,25.64,48.5,11.4,-0.2
2018-01-01,-0.86,25.72,61.6,26.8,1.8
2018-02-01,-0.73,26.02,35.1,0.2,-0.8
2018-03-01,-0.73,26.6,45.4,8.4,2.4
2018-04-01,-0.36,27.18,56.2,18.9,0.8
2018-05-01,-0.12,27.61,57.8,15.1,0.6
2018-06-01,0.12,27.64,59.8,16.1,-0.2
2018-07-01,0.27,27.38,49.3,3.2,0.4
2018-08-01,0.05,27.18,55.7,5.1,-0.5
2018-09-01,0.3,27.25,57.5,3.6,-1.5
2018-10-01,0.84,27.47,56.6,4.6,0.6
2018-11-01,1.0,27.57,39.8,-8.0,-0.1
2018-12-01,0.97,27.43,32.4,-4.7,1.7
2019-01-01,0.75,27.39,24.0,-10.8,-0.1
2019-02-01,0.72,27.59,6.4,-28.5,-2.3
2019-03-01,0.71,28.01,18.2,-18.8,-0.5
2019-04-01,0.66,28.34,24.3,-13.0,0.2
2019-05-01,0.54,28.37,32.2,-10.5,-0.7
2019-06-01,0.45,28.1,38.6,-5.1,-0.7
2019-07-01,0.28,27.57,48.2,2.1,-0.6
2019-08-01,0.14,27.1,50.7,0.1,-0.2
2019-09-01,0.19,26.95,62.0,8.1,-1.9
2019-10-01,0.35,27.06,58.4,6.4,-0.6
2019-11-01,0.51,27.18,45.9,-1.9,-1.4
2019-12-01,0.55,27.17,34.1,-3.0,-0.9
2020-01-01,0.5,27.14,23.5,-11.3,0.3
2020-02-01,0.48,27.35,14.7,-20.2,-0.1
2020-03-01,0.4,27.7,38.8,1.8,-0.2
2020-04-01,0.19,27.87,48.2,10.9,0.3
2020-05-01,-0.08,27.75,54.0,11.3,0.7
2020-06-01,-0.3,27.35,61.3,17.6,-0.6
2020-07-01,-0.41,26.88,58.7,12.6,0.7
2020-08-01,-0.57,26.38,63.7,13.1,1.8
2020-09-01,-0.89,25.87,66.5,12.6,1.5
2020-10-01,-1.17,25.54,68.4,16.4,0.8
2020-11-01,-1.27,25.4,67.1,19.3,1.1
2020-12-01,-1.19,25.43,64.7,27.6,3.0
2021-01-01,-1.05,25.59,69.6,34.8,3.2
2021-02-01,-0.93,25.94,52.3,17.4,2.5
2021-03-01,-0.84,26.46,59.7,22.7,0.6
2021-04-01,-0.66,27.03,38.1,0.8,0.6
2021-05-01,-0.48,27.35,45.1,2.4,0.8
2021-06-01,-0.38,27.28,56.4,12.7,0.7
2021-07-01,-0.4,26.89,51.0,4.9,2.3
2021-08-01,-0.49,26.46,66.2,15.6,1.0
2021-09-01,-0.67,26.09,65.3,11.4,1.3
2021-10-01,-0.81,25.9,70.5,18.5,1.2
2021-11-01,-0.98,25.69,69.1,21.3,1.6
2021-12-01,-0.98,25.63,53.7,16.6,2.5
2022-01-01,-0.97,25.67,52.5,17.7,0.8
2022-02-01,-0.93,25.94,59.8,24.9,1.8
2022-03-01,-0.99,26.31,64.8,27.8,2.9
2022-04-01,-1.06,26.62,61.9,24.6,2.8
2022-05-01,-0.99,26.84,65.9,23.2,2.4
2022-06-01,-0.85,26.8,59.8,16.1,2.8
2022-07-01,-0.81,26.48,58.5,12.4,1.3
2022-08-01,-0.91,26.04,69.6,19.0,1.7
2022-09-01,-1.01,25.75,72.3,18.4,2.7
2022-10-01,-0.99,25.72,70.9,18.9,2.8
2022-11-01,-0.92,25.76,68.1,20.3,0.5
2022-12-01,-0.82,25.8,63.3,26.2,3.5
2023-01-01,-0.67,25.97,,,
2023-02-01,-0.43,26.44,,,
2023-03-01,-0.16,27.14,,,
